longitude,latitude
-56.896887,-63.518976
-75.405817,-69.7601
-45.568997,-60.649105
-90.731154,-68.83395
-90.504618,-68.811476
-55.786564,-63.578958
-90.510902,-68.816515
140.991782,-66.784601
-56.887862,-63.520853
-58.614055,-62.157037
-67.734318,-67.724556
-78.545617,-73.272067
-78.541571,-73.271228
-78.540383,-73.270286
-78.539955,-73.271692
-78.817264,-73.261447
-78.541659,-73.271336
-78.539134,-73.269919
-56.881677,-63.521608
-56.881848,-63.521493
-56.881848,-63.52134
-56.488708,-63.300667
-56.90587,-63.517067
-60.644531,-65.344787
-55.638316,-61.889285
-64.07413,-64.77308
166.64386,-77.84474
166.68837,-77.85665
-68.12382,-67.5638
-45.426013,-60.649559000000004
-62.077856,-64.666072
-45.548554,-60.644346
-55.783995,-63.574342
-56.784991,-63.53035
-58.473236,-62.159794
-46.036667,-60.605
-62.52889,-64.84055
-64.13676,-65.17486
-60.97319,-64.96136
-58.93317,-62.21311
-67.835526,-67.26134
-56.905,-63.52222
-57.00807,-63.3886
-56.69053,-63.97561
-57.307354,-63.196915
-54.608334,-63.394444
-57.28892,-63.7992
-56.578373,-64.30403
-56.744385,-63.860035
-60.905457,-64.14416
-56.77863,-64.08743
-55.783497,-63.566895
-57.289646,-63.19171
166.67642,-77.84514
-55.788147,-63.58005
-62.15337,-64.654655
-57.19065,-64.56261
-57.25611,-63.557777
-56.808044,-64.49053
-56.800514,-64.48347
-56.483055,-63.29889
-56.80764,-64.493
-45.56361,-60.646942
-56.684246,-63.96894
-58.68722,-63.31167
-56.711388,-64.306114
-56.79137,-63.641064
-56.909166,-63.515038
-63.144608,-65.10348
-58.93613,-62.20976
-62.91747,-64.70969
-61.626556,-64.14819
-57.58915,-64.40906
-56.399307,-63.576122
-56.498657,-63.31066
-62.623055,-64.68389
-58.96379,-62.19936
-57.167797,-63.67952
-57.052814,-63.93637
-54.644722,-63.424442
-58.444973,-62.17627
-59.920555,-62.59528
-62.870277,-64.89555
-57.44512,-64.51284
-56.50131,-63.311436
-56.95558,-63.672844
-57.32795,-63.69766
-56.520027,-63.67104
-62.60105,-64.83702
-56.85837,-63.712727
-56.55789,-63.67951
-62.593838,-64.733955
-63.072777,-64.53648
-57.03719,-63.66538
-56.1864,-63.6273
-75.63272,-69.80012
-56.98908,-63.73163
-56.97775,-63.715214
-62.53278,-64.62222
-57.23,-63.57
-56.42345,-63.54528
-56.49942,-63.659195
-56.96376,-63.68997
-57.33109,-63.70957
-56.778942,-63.713135
-62.04606,-64.67667
-60.73389,-63.919445
-63.493057,-64.82694
-62.854576,-64.41434
-64.01429,-65.0662
-61.761112,-64.501945
-57.06617,-63.64796
-56.81613,-63.67585
-59.768612,-62.525833
-56.38358,-63.61176
-56.894783,-63.33242
-57.25625,-63.72504
-57.2885,-63.70767
-45.549946,-60.65019
-62.871002,-64.717026
-64.05278,-65.1025
-57.368793,-62.97697
-62.529686,-64.84363
-61.353149,-62.780645
-56.883358,-63.5214
-56.883624,-63.522207
-54.67634,-63.430026
-55.887312,-63.53262
-64.022715,-65.11092
-62.59359,-64.732079
-62.859444,-64.894167
-64.136306,-65.172722
-55.781647,-63.572586
-55.785648,-63.574562
-55.786324,-63.574368
-55.787678,-63.574139
-56.886818,-63.520557
-56.882999,-63.521351
-56.883718,-63.520054
-56.886795,-63.520542
-56.886364,-63.52066
-56.882801,-63.521358
-56.889965,-63.519863
-55.789936,-63.570248
-56.124447,-63.603626
-54.596583,-63.393283
-55.785733,-63.574417
-57.570167,-63.772717
-54.622383,-63.388717
-56.900283,-63.510533
-64.069537,-65.119953
-63.509724,-64.815834
-58.42917,-62.13028
-55.836216,-63.572086
-59.74917,-62.406387
-54.858112,-61.15311
-56.955883,-63.38081
-62.022858,-64.67954
-56.988586,-63.46487
-56.64998,-65.92991
-58.61611,-62.26
-55.87472,-63.390835
-54.66833,-63.41389
-27.078209,-59.41279
-56.998753,-63.070427
-55.643547,-63.384502
-55.550835,-63.34861
-45.36315,-60.847645
-56.99778,-63.39722
-56.995975,-63.381695
-27.305054,-59.45899
-44.7375,-60.737778
-55.095554,-61.128613
-66.99973,-66.7581
-64.03888,-65.11106
-60.756798,-63.903404
-57.032127,-63.400883
-61.693577,-64.56276
-64.15639,-65.23889
-56.9822,-63.38793
-55.5728,-63.8361
-55.93306,-60.847996
-60.787468,-63.880272
-56.997284,-63.398125
-44.724827,-60.74354
-54.34754,-61.155697
-57.667534,-63.25368
-66.78667,-66.870834
-62.009052,-64.67884
-56.881294,-63.521748
-55.174923,-60.356255
-26.477505,-57.799183
-66.84381,-66.81122
-57.22222,-63.221943
-54.74754,-61.154488
-68.43,-67.73
-57.028915,-63.40016
-57.926888,-62.102
-56.705963,-63.459305
-57.00646,-63.04464
-56.787262,-63.441883
169.23416,-77.45194
-60.95222,-63.85611
-55.783333,-63.583332
-67.727,-67.7106
-56.88886,-63.509083
-56.904247,-63.519505
-59.117245,-63.16309
-64.257774,-65.24556
-62.877613,-64.535614
-58.474304,-62.158768
-68.11303,-67.56893
-68.112365,-67.566781
-68.113781,-67.569004
-68.113459,-67.568267
-68.115626,-67.566621
-68.116699,-67.566863
-68.117922,-67.567006
-68.112732,-67.567205
-68.113223,-67.56866
-68.112429,-67.566924
-68.114832,-67.569515
-68.129295,-67.566445
-68.112922,-67.568022
-68.115991,-67.566609
-68.112925,-67.566607
-68.115605,-67.569761
-68.116227,-67.566695
-68.129299,-67.568221
-68.115519,-67.566924
-68.113008,-67.566613
-68.113686,-67.566398
-68.118673,-67.567162
-68.113182,-67.566398
-68.115836,-67.569334
-68.116678,-67.570235
-55.785664,-63.56001
166.43921,-77.378946
-142.44141,-72.294414
166.42868000000001,-77.511575
166.36597,-77.331809
-152.75391,-76.069092
-143.08594,-74.590108
-145.60547,-74.383245
163.95996,-77.360689
-64.110916,-65.328164
-68.11248,-67.566993
-67.73638,-67.723778
-64.161064,-65.236283
-56.574825,-63.515224
-64.083,-65.33
-56.574066,-63.646866
-55.915394,-63.595444
-67.10106,-66.86658
-56.5754,-63.2166
-67.23639,-67.81611
-56.886627,-63.520943
-59.206482,-62.355682
-53.805214,-62.26288
-64.24167,-64.59805
-53.768143,-62.33156
-57.294415,-63.797417
-64.111855,-65.332954
-67.46672,-67.683205
-58.959385,-62.20041
-65.361115,-66.0275
-67.16861,-68.28778
-63.152744,-65.06561
-67.73194,-67.723335
-67.84073,-67.27401
-56.874313,-63.517307
-57.339027,-63.11681
-67.27261,-68.375374
-68.119065,-67.567304
-68.118614,-67.56766
-68.113593,-67.568336
-68.114533,-67.568392
-68.114016,-67.568432
-68.113958,-67.56832
-68.114812,-67.568244000000007
-68.114022,-67.568214
-68.114062,-67.568455
-68.114087,-67.56918
166.61865,-77.175465
170.43091,-72.649762
171.05026,-71.956032
170.18372,-72.337465
163.91602,-76.362262
163.39302,-66.9285
170.02533,-72.359285
170.08484,-71.276122
170.04639,-73.76964
-68.113216,-67.568307
-58.36713,-63.455551
-56.57903,-63.403606
-57.683598,-63.73783
-57.547165,-63.602493
-64.263054,-65.23944
-68.113407,-67.568314
-68.113808,-67.568713
-68.113746,-67.56819
-68.128252,-67.570715
-68.113132,-67.567767
-68.12855,-67.57029
-57.020314,-63.39263
164.122757,-74.707183
170.217337,-71.302489
170.229133,-72.31863
-57.004672,-63.387888
-58.471767,-62.133775
-58.330172,-62.285612
-57.370132,-64.41214
-61.99981,-64.61925
-56.841164,-64.20055
-67.29457,-67.808174
-56.897747,-63.72255
-56.88288,-63.521442
-66.9996,-68.24807
-67.78,-67.69556
-57.95139,-62.0875
-55.748493,-63.565273
-57.033295,-64.62174
-69.038506,-67.8312
-56.45,-63.3
-61.99966,-64.53848
-64.06528,-64.770836
-60.561714,-62.98323
-63.950558,-65.07528
-54.866665,-61.1
-56.37945,-63.587963
-67.188416,-68.28997
-56.416668,-63.583332
-64.246666,-65.249306
-44.738716,-60.74104
-55.978645,-63.601086
-57.899723,-63.32111
-55.941753,-63.59844
-56.49032,-63.313698
-56.528778,-63.484863
-54.73591,-63.54323
-66.997,-68.18607
-65.33806,-65.68806
-58.6675,-62.23814
-55.809532,-63.582
-56.898647,-63.516663
-67.16047,-68.27972
-66.80838,-68.23561
-56.89351,-63.52331
166.40968,-77.637955
-64.00007,-65.10884
-57.588745,-64.51781
-55.79487,-63.58493
-67.29458,-68.21421
45.8716,-67.6603
-8.245697,-70.510286
-66.529995,-67.858432
-56.88488,-63.52106
-56.693565,-63.37988
-56.646965,-63.411987
166.65955,-77.84801
-65.37581,-66.012825
-64.103081,-65.163559
-56.881957,-63.521682
-56.754417,-63.338307
-56.88703,-63.520778
-56.8871,-63.522791
-56.84027,-63.513428
-62.886047,-64.86894
-56.59468,-63.459625
-56.495205,-63.5261
-56.884079,-63.521278
-64.13,-65.3383
-64.05333,-64.77417
-44.738888,-60.738056
-56.7284,-63.374096
8.15815,-59.36607
-64.052831,-64.774189
-58.944779,-62.195715
-58.927334,-62.192087
165.027222,-77.351762
-55.78667,-63.574197
-60.853504,-62.68606
-60.791557,-63.902363
-56.501484,-63.522766
-61.94045,-64.268715
-56.90292,-63.51747
-57.234802,-64.54784
-62.627354,-64.68346
-62.663147,-64.65904
-56.882137,-63.521539
-56.855123,-63.453052
-56.910682,-63.521532
17.92602,-58.55225
-62.878613,-64.854164
21.9959,-58.44705
-64.054216,-64.773465
-64.03133,-64.777897
-56.335559,-63.428911
-59.578083,-62.542973
-63.32141,-64.932076
-63.182846,-65.09137
-57.34437,-63.065216
-68.208885,-67.604164
-56.8833,-64.2
-64.1851,-65.22592
-60.79201,-63.902756
-64.18067,-65.23145
-63.994793,-65.08418
-55.46612,-64.1225
-57.730442,-63.03846
-62.645,-64.68889
-62.670468,-64.669505
-54.596,-63.3888
-63.99931,-65.11128
-56.436653,-63.584457
-55.56972,-61.475555
-57.25,-62.44
-62.623226,-64.68538
-65.56641,-60.28341
-56.90617,-63.516617
-61.680383,-64.107973
-58.891393,-62.183582
166.757738,-77.866153
170.343323,-71.160812
170.138283,-71.336008
-64.137,-65.176
-64.0556,-65.104
-64.026,-65.067
-56.499,-63.306
-58.933,-62.213
-57.9135,-62.0779
-66.7867,-66.8708
-57.9514,-62.0875
-57.9269,-62.102
170.43887,-70.946441
163.28,-66.96
-64.190155,-65.237236
-64.20758,-65.24308
-68.38389,-67.72972
-58.41688,-62.15866
-56.325256,-63.531315
-54.610004000000004,-63.286964
-56.291157,-63.56225
-62.857224,-64.82389
-62.878147,-64.8887
166.77092,-77.84833
-56.789833,-63.287693
-56.642544,-63.700027
-56.191086,-63.666374
-56.898666,-63.50279
-56.979134,-63.382652
-64.13697,-65.17174
-62.399937,-64.557304
-67.588036,-66.795364
-56.629864,-63.320946
-56.728226,-63.40263
-56.325,-63.531
-56.1911,-63.6664
-54.61,-63.28
-56.64,-63.7
-54.596317,-63.39388
-58.475283,-62.160462
-57.02328,-63.39162
-64.13903,-65.17136
-59.57756,-62.54323
-62.947784,-64.71449
-58.904217,-62.184223
-44.736886,-60.739359
-56.66083,-63.397396
-58.960003,-62.218204
-57.793854,-63.75075
-64.12819,-65.264626
-56.936462,-63.245335
-44.861412,-60.777443
84.82282,-66.50457
-57.992413,-63.31404
-57.2456,-63.6248
-56.95932,-63.448524
-59.68639,-62.31861
-57.746338,-64.16244
-58.466375,-62.157728
-63.50028,-64.825836
-63.9981,-65.0799
-64.1358,-65.1734
-57.308895,-63.195099
-56.88674,-63.52057
-56.450455,-63.736929
-56.486393,-63.622966
-56.426783,-63.558507
-56.497879,-63.682937
-56.495188,-63.642793
-56.421283,-63.559617
-56.501108,-63.752095
-56.416292,-63.560607
-56.853569,-63.382772
-63.156624,-64.54003
-56.1224,-63.405254
76.1143,-69.2424
-56.374,-64.384995
158.89891,-54.631386
-56.354855,-64.518745
-59.441113,-63.878613
-62.859165,-64.915276
-57.51632,-64.62939
76.2218,-69.2225
-56.29869,-64.26933
-79.456645,-70.786058
-44.7364,-60.7392
-44.7365,-60.7393
-44.7365,-60.7392
-44.7365,-60.7394
-56.885273,-63.520866
-56.859229,-63.518427
-57.284262,-63.790642
-56.828354,-63.685113
-57.077467,-63.867081
-56.841151,-64.18813
-56.207985,-63.628506
-59.38639,-62.4475
-62.763058,-64.70875
-59.903099,-62.596012
-62.648617,-64.588753
-55.798244,-63.583553
-57.621648,-63.801896
-57.622335,-63.80215
-56.907103,-63.520037
-55.786308,-63.575997
-56.89134,-63.518517
-56.50827,-63.44542
-63.18087,-64.54346
46.1092,-67.6528
46.1074,-67.6526
46.1514,-67.6571
46.1074,-67.6548
46.1554,-67.6544
46.1367,-67.6556
46.1534,-67.6569
3.442382,-67.966942
3.222653,-67.149485
-56.2944,-63.4267
-61.972736,-64.55784
-56.88084,-63.48298
-56.701145,-63.40141
-66.68083,-66.88472
-56.46094,-63.54441
-54.859444,-61.099304
-63.980633,-65.067665
-56.8011,-63.3675
163.65,-74.9
-67.2615,-66.918
146.301,-66.4484
144.8697,-67.121
-63.49389,-64.82528
-66.50103,-66.90764
-64.13975,-65.19686
-65.445,-66.01
-65.35,-66.02
-64.273918,-65.244574
-64.158397,-65.218379
-64.140686,-65.174283
-127.426,-74.0053
-127.8503,-73.0065
-64.1978,-65.2367
-64.0875,-64.764725
-62.57083,-64.64694
-62.558468,-64.60966
-64.02602,-65.11207
-56.211033,-63.458336
-63.533237,-64.95961
-57.916667,-62.083333
-56.88705,-63.520858
-56.858208,-63.269302
-56.964504,-63.164948
-56.832806,-63.295807
-44.63889,-60.771904
-57.014057,-63.39248
-61.713337,-64.116196
-56.287624,-63.440277
-56.10709,-63.616196
-57.131027,-64.4082
-56.884747,-63.233177
-56.52028,-63.311665
-60.54782,-62.992332
-64.088127,-64.769612
-55.80806,-63.580202
-56.983333,-63.383333
-62.599235,-64.729012
-59.769444,-62.391389
-63.819206,-65.04079
-56.484628,-63.298994
-62.994117,-64.368212
-56.317024,-63.604046
-54.698612,-61.142223
-60.790242,-63.902777
-60,-62
-59.78278,-62.400276
-64.07643,-64.79976
-55.756413,-63.581467
-56.872932,-62.773937
-56.495487,-62.518993
-56.27573,-63.55564
-56.881668,-63.521683
-56.840622,-63.445152
-56.250942,-63.56763
-56.86882,-62.771175
-56.95564,-63.078182
-56.01808,-63.609207
-56.269817,-63.55692
-56.999065,-62.91408
-66.8077,-66.9209
-67.2341,-66.034
-67.3648,-66.1075
-66.8591,-66.9619
-66.74367,-65.72963
-64.19082,-65.20483
-66.47117,-65.99787
-64.14709,-65.225975
-64.12474,-65.1855
-67.02693,-66.75112
-66.23298,-65.905426
-66.39723,-65.9809
-65.72269,-66.02471
-66.806984,-66.93363
-66.25021,-65.918846
-56.7352,-63.3928
-56.7209,-63.6172
-56.8103,-63.4525
-56.8054,-63.4634
-60.6291,-63.9307
-57.408,-62.843
-58.416,-62.166
-56.4167,-63.4667
-56.0833,-63.5833
-54.55,-61.15
-56.45,-63.5333
-56.35,-63.5167
-56.2333,-63.55
-58.414658,-62.268692
-56.38433,-63.55801
-56.46293,-63.53236
-56.75088,-63.33796
-64.1564,-65.2389
-66.649,-66.879
-66.711,-66.875
-60.4427,-63.776276
-57.2178,-62.92111
-64.1354,-65.1733
-62.332516,-64.498695
-64.038549,-64.774304
-67.63104,-67.59617
170.96434,-71.29675
166.16428,-77.55452
166.41537,-77.63645
166.43736,-77.21562
168.327,-76.1479
-58.4167,-63.8678
-64.143513,-65.170626
-58.96268,-62.20051
-62.9146,-64.8559
-62.870911,-64.665279
-64.065362,-64.773839
166.49763,-77.68406
-56.465786,-63.565056
-55.78846,-63.575367
166.16411,-77.55471
-62.6078,-64.6612
-62.972572,-64.73123
-56.78404,-63.397625
-59.986786,-62.57255
-56.726166,-63.576195
-56.88711,-63.313087
-55.7227,-64.3209
-56.8762,-63.1246
-44.705128,-60.729908
-56.9,-63.533333
-62.622494,-64.68719
-55.793297,-63.573444
-62.1355,-64.68924
-44.736897,-60.73737
-56.910469,-63.516956
-45.583333,-60.616667
-57.936882,-63.326218
-56.88684,-63.520676
-56.7444,-63.3571
-59.89546,-62.594217
-62.623672,-64.670557
-56.742297,-63.406305
-54.11722,-61.24972
-63.204345000000004,-64.858465
-68.2089,-67.6042
-56.339237,-63.636574
-56.256824,-63.45716
-64.02383,-65.08735
-56.27884,-63.714455
-63.966667,-64.79389
-64.497986,-65.259
-64.28375,-65.21874
-64.024475,-65.067215
-59.414062,-64.44501
-68.84361,-67.78445
-68.92834,-67.84556
-64.06639,-64.80111
-68.26767,-67.757645
-68.604126,-67.77357
-68.12615,-67.56959
-65.24128,-65.89782
-69.865,-66.515274
-68.56695,-68.12361
-75.871666,-69.41111
-68.80222,-68.164444
-75.77611,-69.38695
-75.842224,-69.395836
-57,-63.38333
-64.13667,-65.175
166.77187,-77.848915
139.996,-66.66
-8.179117,-70.267431
-8.76,-70.52
-8.99,-70.39
-8.16,-70.38
-8.067245,-70.530536
-9.013711,-70.392279
-57.29508,-63.797283
-44.70749,-60.73477
-55.9756,-63.6134
-56.2627,-63.5883
-56.09482,-63.580894
-56.1103,-63.6382
-56.807556,-63.452843
-64.1373,-65.18366
-63.97841,-65.097725
-64.07269,-64.771960000000007
-67.02205,-66.68663
-56.9902,-63.4689
-159.85,-76.1
170.1428,-71.33471
164.667,-77.367
-157.35,-74.41
-56.71631,-63.380318
-57.028371,-63.015832
-64.23609,-65.25416
-64.05483,-64.77448
-45.626,-60.672
-45.644,-60.683
-62.6273,-64.6838
-53.716278,-61.096558
-56.792076,-64.445404
-56.77046,-64.44535
-56.37348,-63.61193
-62.27993,-64.4782
-54.914167,-63.386389
-54.7833,-63.4833
-54.717,-63.411
-54.726,-63.437
-54.6083,-63.3944
-54.6742,-63.433
-54.6675,-63.4139
-60.50611,-62.966667
-62.599167,-64.70167
-57.0028,-63.0223
-56.9624,-62.9748
-59.902668,-62.595764
-64.142218,-65.176168
-58.634795,-62.256213
-64.10186,-65.12943
-64.054085,-65.103516
-56.94763,-63.340424
-68.12989,-67.572044
-58.4615,-62.1631
-58.446,-62.176
-64.05383,-64.774251
-68.11233,-67.566778
-68.193941,-67.58935
-68.279107,-67.57022
-57.041304,-63.403458
-57.000754,-63.397529
-59.903893,-62.598686
-8.430908,-70.740941
-0.071389,-75.250973
-64.03735,-64.780556
170.189724,-71.30558
166.744995,-77.169367
-68.12,-67.57
-64.149605,-65.331024
-56.865532,-63.52593
166.70929,-77.65359
170.31844,-72.31843
171.17917,-71.89974
174.24048,-77.47833
170.3059,-71.30589
-58.90443,-62.18578
170.143923,-71.336211
-68.114318,-67.568481
-68.250446,-67.594798
-68.119683,-67.567089
-68.113074,-67.567842
-56.999547,-63.397087
-66.62479,-66.80037
-64.25831,-65.250534
-57.016721,-63.405652
166.16246,-77.55446
-55.78308,-63.653126
-57.385624,-63.55115
169.23665,-77.45379
-46.272667,-77.375374
-59.893792,-62.593934
-54.531727,-63.32682
-57.024019,-63.408888
-57.014063,-63.402104
-57.014921,-63.405986
-56.992314,-63.397696
-57.011831,-63.404449
-55.8284,-63.607216
-56.887157,-63.520947
-63.51139,-64.81111
166.67255,-77.84425
158.93813,-54.4989
-56.3379,-63.5534
-0.514404,-69.002292
0.022977,-66.014523
-8.072207,-70.533104
0.13,-66.23
-0.04,-63.99
-0.04,-62.4
-7.958049,-70.526599
-8.072,-70.533
0.001971,-62.222155
-8.07,-70.53
-58.933953,-62.212774
-62.24046,-64.6298
-61.91919,-64.28023
-62.19225,-64.41901
-68.899315,-67.76372
-68.8855,-67.77319
-75.5216,-69.7549
-68.42004,-67.7502
-64.166664,-65.166664
-75.40718,-69.76047
-75.760864,-69.817215
-55.157547,-61.223
-57.06333,-63.39037
-65.51528,-66.01167
-65.48,-65.514
-65.686,-65.52
-64.112,-65.333
-65.683,-66.164
-65.2144,-65.6682
-66.2117,-65.8919
-64.215,-65.4028
-65.3817,-65.4453
-64.1487,-65.3236
-65.3514,-65.4597
-65.2885,-65.3938
-67.1686,-68.2878
-68.8855,-67.7732
-65.9003,-66.3808
-68.71,-67.8647
-67.1397,-66.4575
-67.1603,-66.3978
-65.720454,-66.157904
-65.3253,-65.4303
-68.6858,-67.7494
-69.152,-67.66
-67.7319,-67.7233
-67.3334,-67.3334
-65.3611,-66.0275
-66.5867,-66.7917
-65.3381,-65.6881
-65.346483,-65.451571
-66.829,-66.122
-56.905,-63.5222
-65.789737,-65.758531
-69.1531,-67.6749
-67.4017,-67.8869
-50.22836,-63.531544
-50,-64
-51,-63
-55.54641,-61.30457
-48,-64
-58.39314,-62.086193
-64.087372,-65.132836
140.01667,-66.66667
140.005173,-66.662584
139.686142,-66.421371
139.953226,-66.643965
139.843001,-66.610944
139.994449,-66.653873
139.842278,-66.017549
139.74571,-65.855202
140.112199,-65.613953
140.169341,-65.621396
140.380093,-65.551915
140.088331,-66.334354
139.591405,-66.184161
139.439154,-66.38141
139.348722,-66.517668
139.564118,-66.198406
139.520561,-66.082701
139.702147,-65.973938
139.526015,-66.161281
139.805445,-66.388229
140.005433,-66.663269
139.450223,-66.532641
139.460458,-66.542814
139.996164,-66.652244
139.932966,-66.508353
139.848303,-66.315538
139.646898,-65.779808
139.763913,-65.632754
139.859327,-65.618231
139.832193,-66.018381
139.945832,-65.762551
140.011201,-65.783494
139.985899,-66.032967
140.007672,-66.661946
139.826147,-66.163771
139.951292,-65.865852
140.121515,-65.783695
140.000147,-66.63769
139.845792,-66.246247
139.895432,-66.030094
139.962322,-65.937922
139.979431,-66.590298
139.967804,-66.054647
139.916061,-65.824585
140.140696,-65.62118
139.800862,-66.542182
139.83026,-66.187168
139.594714,-66.023301
139.597993,-65.866305
139.640683,-65.916743
139.84982,-66.393661
139.827705,-66.276874
139.712822,-65.841037
139.707723,-65.843177
140.049608,-65.629438
139.657192,-65.579387
139.352975,-65.484148
139.679429,-65.47443
139.98022,-66.491473
139.924135,-65.897539
139.798161,-65.692793
139.475685,-65.523356
138.766912,-65.431816
138.235614,-65.340068
137.702867,-65.233646
137.448694,-65.127545
139.619937,-66.53545
139.428166,-66.29007
139.917051,-66.000516
139.777822,-65.944716
139.789238,-65.945749
139.935944,-65.830194
140.004591,-66.663082
139.733516,-66.434332
139.753749,-66.581165
140.00466,-66.663504
139.705792,-66.102435
139.745704,-65.855102
140.112789,-65.612507
140.162499,-65.618713
140.380352,-65.556389
140.078496,-66.433159
139.607005,-66.188465
140.006776,-66.662221
140.006678,-66.663454
139.534139,-66.341493
139.24499,-66.500401
139.55056,-66.299407
139.550557,-66.134821
139.691028,-65.970328
139.525708,-66.161334
139.838149,-66.347576
139.509417,-66.550069
139.438338,-66.58905
140.004893,-66.663392
139.913095,-66.508292
140.002892,-66.663929
139.913309,-66.33036
139.598871,-65.827743
139.753922,-65.634002
139.858702,-65.61844
139.857194,-66.549569
139.88448,-66.075469
139.943527,-65.762729
139.98354,-65.772215
140.011523,-65.974053
139.980181,-66.577107
139.682993,-66.24488
139.960047,-65.867028
140.047078,-65.966514
140.004413,-66.663167
139.831693,-66.307489
139.91412,-66.055907
139.931752,-65.949045
140.005838,-66.663419
139.9909,-66.052794
139.907616,-65.825664
140.134911,-65.61057
139.831098,-66.540965
139.75544,-66.198924
139.701094,-66.026771
139.479988,-65.923921000000007
139.61127,-65.836185
139.81254,-66.337217
139.792517,-66.361708
139.712256,-65.841375
139.700925,-65.862509
140.098653,-65.685783
140.081815,-65.625338
139.701113,-65.582751
139.39014,-65.489927
139.716994,-65.465835
139.975262,-66.495373
139.961697,-65.907251
139.782864,-65.715455
139.519587,-65.527304
138.84058,-65.442326
138.279994,-65.351195
137.742238,-65.24319
139.828986,-66.593778
139.262614,-66.359912
139.804125,-65.950892
139.795854,-65.946047
139.788737,-65.94557
139.934174,-65.830141
139.978124,-66.605723
139.546391,-66.389289
139.729481,-66.559077
139.780761,-66.518018
139.828023,-66.010447
139.750495,-65.853283
140.141232,-65.617684
140.200007,-65.615824
140.249041,-65.614415
140.312234,-65.605393
140.107424,-66.216129
139.603481,-66.328102
140.014472,-66.579767
139.3229,-66.409124
140.003951,-66.661227
139.499338,-66.003053
139.698115,-66.0062
139.5238,-66.162907
139.86678,-66.475621
139.99674,-66.655223
139.28054,-66.460356
139.502511,-66.59912
139.555925,-66.595215
139.988208,-66.560371
140.018015,-66.479738
139.646029,-66.22288
139.531862,-66.033503
139.664034,-65.749351
139.798435,-65.635539
139.919665,-65.6781
139.88023,-66.493306
139.809424,-65.990864
139.942723,-65.762791000000007
140.074148,-65.793387
139.899802,-66.253833
140.004713,-66.662265
139.781224,-66.172003
139.954061,-65.861994
140.11689,-65.794609
139.95946,-66.223468
139.996393,-66.55167
139.864135,-66.158719
139.952266,-66.010942
139.941778,-65.937129
139.915127,-66.412158
139.885292,-65.976376
139.898071,-65.803035
139.881454,-65.736352
140.130529,-65.621548
139.770435,-66.513938
139.811591,-66.177766
139.660048,-65.984495
139.654731,-66.041085
139.924245,-66.506566
139.737311,-65.844795
139.745904,-65.810865
140.027928,-65.610289
139.65447,-65.51002
139.328031,-65.453819
139.526776,-65.434284
139.97041,-66.444223
139.905526,-65.86118
139.732536,-65.657807
139.317133,-65.499743
138.686736,-65.41233
138.159348,-65.319822
137.627841,-65.207859
137.346028,-65.108494
139.18974,-66.50295
139.629347,-66.244303
139.881653,-66.001013
139.778506,-65.944756
139.935808,-65.830086
139.980595,-66.630608
139.638801,-66.388536
140.004233,-66.662207
139.766451,-66.573616
139.705164,-66.529461
139.991921,-66.575344
139.820129,-66.028613000000007
139.745747,-65.85506
140.110806,-65.61606
140.176971,-65.618044
140.336615,-65.584157
140.133801,-66.330629
139.599006,-66.244002
139.991272,-66.641076
139.442262,-66.51589
139.567425,-66.17602
139.490494,-66.051997
139.704269,-65.967423
139.525249,-66.161635
139.830227,-66.409867
139.995932,-66.654821
139.409998,-66.525736
139.482111,-66.59413
139.475919,-66.592319
139.970051,-66.625307
139.966511,-66.481904
139.706822,-66.276831
139.531025,-66.034786
139.663571,-65.749693
139.77829,-65.633646
139.8912,-65.645949
139.893407,-66.494687
139.945517,-65.76197
140.052426,-65.797916
139.95026,-66.139137
140.007129,-66.662037
139.94956,-65.867939
140.14091,-65.802175
140.008966,-66.117802
140.021632,-66.592443
139.856914,-66.186265
139.920891,-66.02444
139.936782,-65.937308
139.980754,-66.002194
139.943646,-66.488102
139.91712,-66.007213
139.903647,-65.807836
139.876288,-65.744286
140.134091,-65.621702
139.786494,-66.548071
139.871681,-66.169379
139.566947,-66.002969
139.610325,-65.874902
139.655285,-66.008973
139.887089,-66.450112
139.864424,-66.223601
139.720023,-65.837991
139.748794,-65.8219
140.037376,-65.630034
139.68335,-65.512878
139.326688,-65.478812
139.593254,-65.452519
139.903765,-65.898664
139.803428,-65.662163
139.390804,-65.514138
138.750404,-65.423571
138.168211,-65.332821
137.667976,-65.216682
137.402666,-65.118479
139.441902,-66.513392
139.613175,-66.237549
139.940992,-65.99561
139.734129,-65.919575
139.935934,-65.830151
139.790832,-66.489597
140.0069,-66.662438
139.824061,-66.171919
139.745577,-65.855144
140.114554,-65.612087
140.159107,-65.619885
140.379935,-65.568017
140.070138,-66.43586
139.761832,-66.063706
139.617079,-66.106032
140.008551,-66.661977
139.581171,-66.3388
139.143164,-66.476788
139.559595,-66.407031
139.553086,-66.18422
139.699005,-65.970454
139.603381,-66.167111
139.821467,-66.280267
139.592693,-66.551391
139.45642,-66.501881
139.499841,-66.59957
139.909383,-66.50438
139.997252,-66.656401
139.922231,-66.388533
139.559878,-65.834151
139.762255,-65.658367
139.883306,-66.574317
139.978303,-66.193594
139.943786,-65.762424
139.977666,-65.770807
140.05503,-65.884894
139.942709,-66.446576
139.625557,-66.389411
140.061915,-65.787666
140.051145,-65.939385
140.004514,-66.66305
139.851047,-66.30977
139.969586,-65.931513
139.917171,-65.954449
140.011308,-66.102479
139.946207,-65.860703
140.128231,-65.616031
140.113206,-65.623967
139.845779,-66.541968
139.741933,-66.23939
139.680901,-66.064263
139.56382,-65.929565
139.596235,-65.889478
139.800532,-66.465739
139.688777,-65.857567
139.700406,-65.86238
140.028462,-65.697926
140.107658,-65.649456
139.742813,-65.587364
139.431486,-65.494638
139.99785,-66.529575
139.944994,-65.94278
139.762212,-65.736364
139.462278,-65.588744
138.917569,-65.451968
138.342979,-65.358057
137.514475,-65.142115
140.006461,-66.662756
139.853353,-66.068049
139.813961,-65.953819
139.788397,-65.946556
139.788578,-65.945622
139.934522,-65.829296
140.004344,-66.663089
139.711041,-66.438579
139.863727,-66.615912
139.887881,-66.621626
140.003924,-66.661853
139.762415,-66.050445
139.745403,-65.854958
140.169757,-65.619463
140.368088,-65.547494
140.089448,-66.381982
140.003904,-66.662398
139.46776500000001,-66.363743
139.241046,-66.503955
139.555548,-66.243975
139.519608,-66.109315
139.693194,-65.973721
139.819169,-66.379375
139.467148,-66.537342
139.465566,-66.500498
139.498264,-66.600496
140.0045,-66.662673
139.617572,-65.813711
139.759443,-65.631748
139.856562,-65.617943
139.875876,-66.515142
139.846678,-66.018591
139.946963,-65.763305
140.00556,-65.778017
139.996946,-66.629491
139.839342,-66.16396
139.955967,-65.866258
140.100897,-65.780671
140.04025,-66.009841
140.004501,-66.663469
139.842151,-66.270869
139.921881,-66.053592
139.968866,-65.936791
139.938897,-65.955904
140.006302,-66.662479
139.976857,-66.052783
140.144581,-65.621068
139.81399,-66.540597
139.62324,-66.021945
139.5634,-65.876689
139.627316,-65.871316
139.831179,-66.365438
139.807047,-66.316061
139.711999,-65.841395
139.690578,-65.851591
140.067114,-65.627222
139.679514,-65.581223
139.369822,-65.486361
139.726464,-65.48009
139.983021,-66.49159
139.939645,-65.899965
139.817409,-65.701804
138.803421,-65.437215
138.245531,-65.348072
137.723227,-65.238321
137.471578,-65.132157
139.715388,-66.560077
139.326602,-66.327627
139.896025,-66.018476
139.803009,-65.950324
139.777669,-65.944639
139.78844900000001,-65.945532
139.93632,-65.830143
139.987945,-66.645631
139.658557,-66.38749
140.007345,-66.661313
139.826062,-66.592633
139.684793,-66.529295
140.003114,-66.609572
139.833949,-66.025532
139.745722,-65.855196
140.111129,-65.61262
140.354154,-65.571163
140.112326,-66.332774
139.591498,-66.212143
139.993398,-66.647644
139.374191,-66.398917
139.360377,-66.516581
139.571474,-66.171866
139.509505,-66.045022
139.710736,-65.971159
139.525654,-66.161457
140.004789,-66.662426
139.435182,-66.530294
139.487172,-66.598757
139.488331,-66.59758
139.992803,-66.626568
139.955186,-66.505026
139.765125,-66.293543
139.646154,-65.777833
139.768911,-65.633415
139.862037,-65.621821
139.888416,-66.499468
139.823035,-66.017469
139.945048,-65.762227
140.02935,-65.779692
139.963846,-66.090729
139.813112,-66.164337
139.947972,-65.866762
140.138266,-65.793561
140.027515,-66.062032
139.850793,-66.21663
139.904867,-66.037499
139.949326,-65.937732
139.934134,-65.951411
139.96962,-66.564873
139.930187,-66.022793
139.906636,-65.809204
140.136936,-65.621588
139.790343,-66.544832
139.850779,-66.179825
139.632923,-65.865021
139.650376,-65.964532
139.868459,-66.421886
139.849098,-66.24556
139.720812,-65.837433
139.74985,-65.821978
139.636321,-65.575432
139.33889,-65.482216
139.634096,-65.464286
139.964383,-66.447466
139.910402,-65.898291
139.766774,-65.689015
139.432271,-65.51911
138.202917,-65.335838
137.686187,-65.224468
137.425021,-65.122619
139.58328,-66.532746
139.535054,-66.256922
139.934136,-65.991188
139.777844,-65.944553
139.775591,-65.939786
139.936019,-65.830137
139.628283,-66.384885
140.005189,-66.664457
139.76836,-66.571228
139.745224,-66.516638
139.97777,-66.553145
139.805763,-66.033018
139.745032,-65.855527
140.118569,-65.620497
140.190192,-65.615522
140.326945,-65.597089
140.151533,-66.282828
139.601938,-66.283794
140.024247,-66.586669
139.34561,-66.408803
139.431909,-66.513914
140.00615,-66.663521
139.562219,-66.180584
139.473899,-66.057316
139.712049,-66.001307
139.524659,-66.162064
139.855379,-66.449363
139.295939,-66.465958
139.50127,-66.600978
139.527817,-66.598403
139.977072,-66.574069
139.992244,-66.481237
139.656271,-66.229527
139.530732,-66.034143
139.788446,-65.634753
139.898669,-65.64747
139.887728,-66.495136
139.816558,-65.995671
139.945286,-65.76204
140.064016,-65.796925
139.916372,-66.20469
140.00172800000001,-66.665248
140.004784,-66.663317
139.794175,-66.167451
139.951385,-65.87058
140.122688,-65.797445
139.98559,-66.172956
140.026397,-66.592448
139.943147,-66.008466
139.936509,-65.935638
139.945111,-66.486552
139.916247,-66.010058
139.902591,-65.807284
139.877593,-65.744932
139.792531,-66.554095
139.842013,-66.173412
139.603741,-65.98699
139.65481,-66.041166
139.905697,-66.478339
139.864579,-66.21268
139.742742,-65.847095
139.749393,-65.822035
140.036265,-65.614059
139.328852,-65.466613
139.559587,-65.442744
139.966441,-66.445748
139.90162,-65.898606
139.768652,-65.659883
139.351918,-65.510637
138.724298,-65.417686
137.647686,-65.21232
137.383633,-65.112768
139.33929,-66.51393
139.618291,-66.24327
139.917212,-65.998649
139.777667,-65.944752
139.721892,-65.911161
139.935979,-65.82998
139.837578,-66.486026
139.51385200000001,-66.50309
140.004571,-66.66365
140.000234,-66.660914
139.744077,-65.855449
140.068823,-65.620831
140.155783,-65.618476
140.376121,-65.573247
139.778418,-66.063175
139.627638,-66.10022
139.935466,-66.638852
139.600798,-66.338096
139.150871,-66.479169
139.575572,-66.439511
139.659108,-65.985226
139.664207,-66.156087
139.819102,-66.251193
139.620257,-66.551951
139.397109,-66.38901
139.450273,-66.477518
139.529262,-66.600804
139.881928,-66.517139
139.989899,-66.587803
139.946099,-66.457463
139.512517,-65.888032
139.757036,-65.65442
139.847197,-65.614436
139.916746,-66.609402
140.022385,-66.253609
139.955454,-65.769859
140.061463,-65.874933
139.927888,-66.382096
139.66364,-66.442986
139.963257,-65.868129
140.055599,-65.793505
140.117875,-65.906429
140.006029,-66.661204
139.863254,-66.311875
139.902249,-66.047196
139.966911,-65.931287
139.906517,-65.95685
140.012619,-66.153642
139.928639,-65.861811
140.119419,-65.616271
140.106842,-65.622294
139.850937,-66.585922
139.736533,-66.236072
139.71842,-66.056542
139.572709,-65.956522
139.586008,-65.883275
139.775294,-66.280778
139.832551,-66.519353
139.699952,-65.862364
139.977037,-65.724191
140.117108,-65.649526
139.768416,-65.588595
139.454333,-65.497408
139.564437,-65.4204
139.995804,-66.589341
139.780534,-65.737283
139.455909,-65.596969
138.960247,-65.457283
138.373178,-65.36113
137.78571,-65.244779
137.535186,-65.146921
140.005131,-66.663157
139.215275,-66.350951
139.834117,-66.095812
139.812134,-65.953675
139.803029,-65.950652
139.788619,-65.945559
139.749077,-66.441991
139.634146,-66.54271
139.97899,-66.647686
139.761305,-66.123696
140.11438,-65.612173
140.163016,-65.620317
140.382261,-65.559346
140.074129,-66.43438
139.610768,-66.112306
140.005297,-66.663228
139.569587,-66.338783
139.169703,-66.481803
139.551483,-66.356624
139.537265,-66.163398
139.52751,-66.161684
139.832454,-66.312458
139.565119,-66.551229
139.512331,-66.543844000000007
139.491388,-66.598335
139.903066,-66.507357
140.007924,-66.662517
139.907316,-66.335478
139.614286,-65.811201
139.751559,-65.632107
139.85954,-65.61914
139.853834,-66.576915
139.931837,-66.147101
139.943701,-65.762876
140.036224,-65.921759
139.961101,-66.513764
139.623585,-66.322591
139.962696,-65.867222
140.090275,-65.789634
140.049323,-65.939466
140.012911,-66.665461
140.003359,-66.662971
139.840304,-66.308783
139.906687,-66.051338
139.974271,-65.936524
139.925463,-65.951509
139.918832,-65.844594
140.133395,-65.616556
140.115644,-65.62494
139.742941,-66.219257
139.647289,-66.070907
139.520969,-65.92887
139.595937,-65.828646
139.793907,-66.308997
139.78882,-66.41226
139.689141,-65.857394
140.089361,-65.686449
140.100852,-65.649515
139.719624,-65.585844
139.40982,-65.492648
139.658673,-65.443136
139.980898,-66.500992
139.939421,-65.937704
139.48228,-65.574759
138.87874,-65.447886
138.311831,-65.354838
137.76063,-65.24784
137.492734,-65.13741
139.918494,-66.627275
139.215606,-66.349174
139.874262,-66.041734
139.811971,-65.954149
139.787271,-65.945032
139.788522,-65.945546
139.934541,-65.829351
-58.45,-62.18
-58.400433,-62.203472
-58.427046,-62.202994
-58.4527,-62.202247
-58.057959,-62.293963
-58.296913,-62.256279
-58.290245,-62.276234
-58.241663,-62.258831
-57.783638,-62.272272
-58.429548,-62.190011
-57.269959,-62.102585
-56.949224,-62.064983
-58.488224,-62.165949
-58.241938,-62.233031
-58.268449,-62.19835
-58.235279,-62.311651
-58.529965,-62.157166
-58.427618,-62.199097
-58.437681,-62.174276
-58.209029,-62.236831
-57.892224,-62.268075
-57.536596,-62.219459
-56.704416,-61.94209
-58.369613,-62.239145
-58.183616,-62.252431
-58.462433,-62.182252
-58.069354,-62.321521
-58.375962,-62.200876
-58.276359,-62.26681
-58.453356,-62.18876
-57.872599,-62.265213
-57.335,-62.118892
-56.807545,-61.980685
-58.432532,-62.179064
-58.490524,-62.167036
-58.21863,-62.242579
-58.396443,-62.180435
-58.085998,-62.346015
-58.422435,-62.176597
-58.260476,-62.279034
-58.451602,-62.183917
-58.042128,-62.253535
-58.372027,-62.198346
-57.422967,-62.181714
-56.708281,-61.9305
-58.151689,-62.185044
-58.447206,-62.175979
-58.213283,-62.240718
-58.129998,-62.221708
-58.007219,-62.353958
-58.430359,-62.178173
-58.378993,-62.213045
-58.260857,-62.204209
-58.480062,-62.159112
-57.765455,-62.289206
-57.669803,-62.240903
-57.680426,-62.198475
-58.498201,-62.164177
-58.232849,-62.237565
-58.335372,-62.188329
-58.098186,-62.377404
-58.504373,-62.17719
-58.454797,-62.174801
-58.127595,-62.24753
-58.104234,-62.23595
-57.477072,-62.203106
-56.69689,-61.92913
-57.99759,-62.189605
-58.391576,-62.21472
-58.432096,-62.185952
-58.163487,-62.257586
-58.462318,-62.191443
-58.0601,-62.308744
-58.416404,-62.19468
-58.280887,-62.272314
-58.432531,-62.202001
-57.300487,-62.10125
-56.877041,-62.020703
-58.548681,-62.178602
-58.449669,-62.177451
-58.201927,-62.247517
-58.444105,-62.176878
-58.078993,-62.333919
-58.403331,-62.184735
-58.268958,-62.259849
-57.957495,-62.259274
-58.41053,-62.215956
-57.375186,-62.154107
-56.748522,-61.949128
-58.298007,-62.181304
-58.424243,-62.1822
-58.173439,-62.258147
-58.042048,-62.357501
-58.343934,-62.195483
-58.400496,-62.205138
-58.165353,-62.221781
-58.291627,-62.210555
-57.732397,-62.289087
-57.743087,-62.247594
-56.811051,-62.006988
-57.524142,-62.201355
-58.469565,-62.170294
-58.239785,-62.231419
-58.199298,-62.209559
-58.380977,-62.231339
-58.351097,-62.222491
-58.359483,-62.185765
-58.26859,-62.269982
-57.788701,-62.291973
-57.600947,-62.231773
-56.752895,-61.973228
-57.839359,-62.194313
139.960554,-66.589822
139.685287,-66.553265
139.7962,-66.52544
139.954864,-66.494038
139.739529,-65.985286
139.754863,-65.851554
140.142953,-65.616928
140.212564,-65.613648
140.253528,-65.612961
140.129733,-66.212556
139.605726,-66.374828
140.000475,-66.523324
139.301737,-66.413107
139.427603,-66.515283
139.91997,-66.608622
139.531752,-66.009335
139.706068,-66.002961
139.523045,-66.163538
139.916504,-66.53828
139.960223,-66.639074
139.485051,-66.596795
139.552061,-66.595839
139.987613,-66.527507
139.94282,-66.465801
139.587939,-66.16158
139.536952,-66.029517
139.664447,-65.748676
139.928175,-65.691152
139.893957,-66.447342
139.806465,-65.983829
139.757677,-65.815215
139.936896,-65.763535
140.084738,-65.787475
139.940303,-66.248108
140.004923,-66.663192
139.780368,-66.177899
139.971175,-65.852417
140.107045,-65.793251
139.934644,-66.264656
139.96235,-66.515856
139.872627,-66.139245
139.951822,-66.004385
139.95808,-65.93953
139.936422,-66.3431
139.893223,-65.987639
139.882475,-65.797892
139.885548,-65.717788
140.128193,-65.620744
139.759498,-66.496923
139.836368,-66.156214
139.657218,-66.000076
139.942644,-66.534778
139.83703,-66.214744
139.741173,-65.845278
139.793209,-65.774133
140.003757,-65.607205
139.62486,-65.506779
139.497533,-65.427063
140.005555,-66.663993
139.973636,-66.442195
139.912453,-66.293652
139.901497,-65.815729
139.700064,-65.653734
139.285068,-65.497697
138.646436,-65.407596
138.127408,-65.316809
137.615641,-65.199632
137.324793,-65.104239
139.678075,-66.237035
139.84759,-65.991757
139.790188,-65.944952
139.734973,-65.871715
139.935808,-65.830098
139.953588,-66.557803
139.471916,-66.396165
139.690853,-66.526229
139.829998,-66.524011
139.894076,-66.410035
139.642075,-65.923914
140.135394,-65.617834
140.22841,-65.62451
140.285998,-65.595438
139.99114,-66.62011
140.104026,-66.168397
139.636804,-66.512634
139.883458,-66.420498
139.189216,-66.427903
139.493881,-66.516616
139.721693,-66.519018
139.597899,-65.984043
139.594914,-66.187576
140.005354,-66.661836
139.820189,-66.573523
139.233179,-66.441147
139.390462,-66.397962
139.509413,-66.598693
139.926722,-66.660192
139.972104,-66.494782
139.542206,-66.094814
139.528722,-66.020835
139.712249,-65.696992
139.820602,-65.628059
139.960708,-65.728952
139.945603,-66.315713
139.764684,-65.925269
139.826034,-65.794156
139.936607,-65.763542
139.90211300000001,-66.293403
139.850973,-66.537841
139.852588,-66.116546
139.93522,-66.028551
139.982511,-65.855915
140.166778,-65.827603
139.949553,-66.324055
139.942133,-66.458734
139.909902,-66.130293
139.90511,-66.034394
139.959527,-65.99238
139.955597,-65.935443
140.045782,-66.285454
139.865687,-65.776641
139.903262,-65.686137
140.096129,-65.615597
139.758049,-66.091058
139.554881,-66.0038
139.662001,-66.055399
139.97791,-66.590827
140.004688,-66.662917
139.700363,-66.206807
139.70649,-65.856557
139.927674,-65.597289
139.550413,-65.503069
139.276728,-65.399379
139.435631,-65.414959
140.002498,-66.648416
139.955325,-66.396632
139.927732,-66.112662
139.845608,-65.810473
139.194713,-65.489314
138.537907,-65.387964
138.074466,-65.300826
137.906707,-65.276709
137.579293,-65.190442
137.258317,-65.090974
139.13157,-66.479821
139.772885,-66.202341
139.852062,-65.96383
139.789154,-65.945425
139.760821,-65.83461
139.934584,-65.829134
139.956258,-66.558471
139.529644,-66.387645
139.650558,-66.533713
139.791017,-66.525078
139.940578,-66.494499
139.777185,-65.825439
140.138069,-65.616883
140.22555,-65.621016
140.261309,-65.611971
140.320732,-65.604976
140.005902,-66.663264
139.610503,-66.422438
139.990769,-66.521062
139.287885,-66.416519
139.455841,-66.512974
139.857968,-66.574223
139.696583,-66.001617
139.522413,-66.164783
139.97173,-66.610072
139.934915,-66.640902
139.267833,-66.462202
139.497005,-66.59571
139.632519,-66.598139
139.972968,-66.52388
139.961962,-66.459917
140.005589,-66.662956
139.536576,-66.09955
139.536194,-66.029057
139.663424,-65.748967
139.804382,-65.633309
139.956613,-65.730209
139.912337,-66.395919
139.803269,-65.976143
139.799036,-65.804182
140.090168,-65.791071
139.958083,-66.254221
139.969657,-66.646134
139.78667,-66.182879
139.911944,-66.035225
139.974975,-65.854406
140.116642,-65.809954
139.918982,-66.290468
139.965815,-66.501688
139.882417,-66.138074
139.910907,-66.039103
139.951302,-65.995806
139.955197,-65.93171
139.884932,-65.967627
139.880189,-65.79753
139.894684,-65.718951
140.114716,-65.61725
139.767435,-66.468665
139.813832,-66.129562
139.613255,-66.005413
139.655033,-66.04118
139.960689,-66.562922
139.796036,-66.21487
139.845476,-65.755887
139.979704,-65.602816
139.602057,-65.508773
139.32058,-65.438998
139.467999,-65.420533
140.003842,-66.659762
139.97881,-66.441377
139.936586,-66.234432
139.668405,-65.649538
139.254931,-65.495432
138.616908,-65.397685
138.098027,-65.314032
137.959332,-65.285764
137.597579,-65.195074
137.30196,-65.099571
139.151614,-66.479687
139.760002,-66.218149
139.861548,-65.967987
139.788726,-65.945205
139.754256,-65.835021
139.957495,-66.558442
139.508119,-66.393141
139.69477,-66.523405
139.795143,-66.520833
139.916387,-66.461345
139.739102,-65.985341
139.797396,-65.804865
140.137189,-65.617502
140.237448,-65.618261
140.270305,-65.611253
140.005122,-66.662473
140.146434,-66.20778
139.619933,-66.469274
139.943347,-66.476485
139.255652,-66.4172
139.490697,-66.512981
139.769117,-66.538246
139.555275,-65.996188
139.687822,-66.000657
139.550809,-66.174674
140.008176,-66.662719
139.849062,-66.574713
139.251757,-66.464571
139.509422,-66.597732
139.760273,-66.629118
139.962051,-66.52205
139.983275,-66.462342
140.00584,-66.663231
139.53571,-66.099808
139.537479,-66.027256
139.699417,-65.738112
139.818367,-65.630389
139.930912,-66.348557
139.801953,-65.970379
139.812496,-65.800016
139.937022,-65.763483
140.093145,-65.800728
139.961448,-66.268784
139.895579,-66.613689
139.798921,-66.187744
139.934809,-66.038792
140.167416,-65.827295
139.927068,-66.29296
139.95722,-66.48768
139.900951,-66.136378
139.913818,-66.038677
139.95396,-65.933198
139.986204,-66.29757
139.863817,-65.938394
139.878847,-65.798084
139.901817,-65.712605
140.107846,-65.616061
139.765648,-66.457518
139.781065,-66.103022
139.564862,-66.006638
139.653854,-66.04057
139.751686,-66.211939
139.707078,-65.857234
139.852834,-65.751846
139.956774,-65.599821
139.581617,-65.507197
139.302997,-65.420094
139.996643,-66.651302
139.979646,-66.437842
139.938475,-66.172949
139.877368,-65.808607
139.64524,-65.64336
139.225567,-65.492554
138.576739,-65.392558
138.095633,-65.307427
137.930979,-65.281734
137.279464,-65.095285
139.141108,-66.479783
139.857197,-65.965453
139.78903,-65.945199
139.751215,-65.835011
139.934292,-65.829096
139.94733,-66.557317
139.424343,-66.398207
139.901893,-66.550203
139.878912,-66.351048
139.693558,-65.885769
139.844718,-65.768338
140.141177,-65.617689
140.226722,-65.62204
140.322177,-65.593327
140.025238,-66.595713
140.092113,-66.162734
139.741636,-66.066679
139.664762,-66.547192
139.833319,-66.378352
139.192595,-66.432018
139.56692,-66.541923
139.724377,-66.502975
139.611154,-65.984163
139.727855,-66.036517
139.647661,-66.197025
139.79647,-66.576537
139.275706,-66.423082
139.430718,-66.401984
140.006789,-66.661861
139.938255,-66.523305
139.993396,-66.499877
140.00512,-66.662482
139.528649,-66.035723
139.506916,-65.990934
139.717072,-65.684981
139.824379,-65.624708
139.95198,-66.310748
139.743865,-65.864937
139.877672,-65.796833
139.936582,-65.763294
140.090819,-65.796858
139.923485,-66.287649
139.860101,-66.535056
139.882884,-66.076876
139.954637,-65.97442
139.950739,-65.823243
139.975056,-66.374481
139.940361,-66.429713
139.906121,-66.108168
139.902216,-66.046765
139.965242,-65.98923
140.091504,-66.308994
139.84904,-65.913067
139.875999,-65.749841
139.968822,-65.666732
140.097427,-65.614684
139.696502,-66.387743
139.734311,-66.094932
139.599056,-66.00418
139.672106,-66.101835
139.993314,-66.617973
140.004958,-66.662881
139.683042,-66.170666
139.706478,-65.856391
139.852243,-65.752068
139.898819,-65.596457
139.563702,-65.506644
139.251814,-65.394893
139.40291,-65.410263
140.00735,-66.64542
139.895515,-66.349661
139.912652,-66.057263
139.814716,-65.813917
139.620189,-65.636968
139.162129,-65.484886
138.508135,-65.381541
138.103019,-65.303691
137.88614,-65.271455
137.607161,-65.182707
139.124895,-66.478378
139.799108,-66.198935
139.78912,-65.945410999999993
139.760312,-65.834546
139.934528,-65.829152
139.925271,-66.529044
139.376903,-66.402349
139.978092,-66.580168
139.873433,-66.292289
139.692971,-65.887409
139.84101,-65.766505
140.23607,-65.61895
140.334139,-65.590748
140.004218,-66.545711
140.026026,-66.127086
139.676302,-66.070064
139.823664,-66.381691
139.159171,-66.426506
139.717596,-66.585245
139.681077,-66.479914
139.6453,-65.96924
139.724646,-66.035247
139.715427,-66.550779
139.317753,-66.41461
139.416888,-66.401802
139.508058,-66.597817
140.003861,-66.662201
139.92704,-66.526237
139.978861,-66.64883
139.525003,-65.974872
139.716198,-65.684454
139.827248,-65.622447
139.962947,-66.30446
139.734601,-65.818676
139.90001,-65.784831
139.936626,-65.763661
140.093143,-65.795093
139.865998,-66.532314
139.897462,-66.054665
139.97824,-65.921527
139.952381,-65.821137
140.166532,-65.82755
139.997052,-66.436511
139.923275,-66.386633
139.939366,-66.085563
139.905344,-66.045318
139.969887,-65.988497
139.95977,-65.937545
140.079602,-66.287168
139.864289,-65.910833
139.979468,-65.664117
140.074489,-65.613175
140.004773,-66.663219
139.699149,-66.390134
139.552422,-66.001042
139.686114,-66.136539
140.004936,-66.642877
140.00469,-66.663129
139.662785,-66.120341
139.7066,-65.865624
139.852813,-65.749732
139.872517,-65.592079
139.537977,-65.504892
139.21481,-65.392751
139.369454,-65.405369
140.007709,-66.641226
139.87996,-66.347656
139.900981,-66.011012
139.783496,-65.797449
139.594114,-65.629978
138.490755,-65.374229
138.076864,-65.300216
137.867351,-65.265655
137.58724,-65.178476
139.113854,-66.475492
139.787811,-66.202948
139.850068,-65.963316
139.788997,-65.945418
139.839575,-65.825349
139.93463,-65.829207
139.922153,-66.530936
139.341156,-66.411641
139.877874,-66.241535
139.693074,-65.879404
139.842389,-65.734547
140.143539,-65.618365
140.243846,-65.61609
140.347175,-65.587273
140.011675,-66.545007
139.930744,-66.094933
139.662552,-66.073219
139.708023,-66.561974
139.13416,-66.444424
139.882855,-66.630038
139.652658,-66.451827
139.636622,-65.968302
139.73972,-66.066335
139.707022,-66.19533
139.687258,-66.549883
139.3203,-66.413532
139.401296,-66.406026
139.511157,-66.598579
139.920683,-66.527287
140.016493,-66.505443
139.990745,-66.611149
139.520055,-65.975599
139.746202,-65.662555
139.835559,-65.617754
140.005532,-66.662869
139.735273,-65.818446
139.902159,-65.785233
139.938846,-65.764642
140.087457,-65.799256
139.930544,-66.290925
139.903326,-66.043746
139.969737,-65.910493
139.971346,-65.81801
140.165425,-65.828138
139.902202,-66.342493
139.932787,-66.069548
139.902546,-66.04405
139.981919,-65.940162
139.96259,-65.937027
140.085359,-66.281593
139.877037,-65.912215
140.012446,-65.655566
140.071868,-65.614034
140.004951,-66.662647
139.70015,-66.391
139.715263,-66.086607
139.502346,-65.999408
139.702486,-66.166954
140.009365,-66.661488
140.00504,-66.662671
139.648037,-66.060721
139.700916,-65.862218
139.943909,-65.729779
140.093262,-65.685323
139.842473,-65.59184
139.513282,-65.503761
139.196572,-65.391619
139.347891,-65.383944
139.866143,-66.345995
139.900601,-65.979143
139.802871,-65.758099
139.568235,-65.621692
139.128126,-65.480016
138.459813,-65.370962
138.048231,-65.297234
137.849568,-65.261145
137.568154,-65.167391
139.132816,-66.46346
139.786555,-66.192885
139.842649,-65.962055
139.789055,-65.945341
139.84044,-65.824822
139.934503,-65.829144
139.871058,-66.484536
139.307775,-66.431734
140.003663,-66.661555
139.880905,-66.207962
139.692208,-65.87977
139.938933,-65.664825
140.14557,-65.617675
140.372662,-65.57847
140.035337,-66.518605
139.885345,-66.090482
139.616622,-66.078486
139.730868,-66.567274
139.776647,-66.33356
140.006804,-66.662097
139.610339,-65.972829
139.778108,-66.113068
139.803553,-66.250009
139.643469,-66.552566
139.319881,-66.418041
139.471471,-66.461278
139.52497,-66.601518
139.899652,-66.518016
139.983674,-66.531614
139.953571,-66.553169
139.519126,-65.976843
139.74775,-65.659515
139.843129,-65.614423
140.002709,-66.659061
140.023603,-66.248087
139.914894,-65.780797
139.944556,-65.766956
140.080118,-65.86887
139.923098,-66.292206
139.78068,-66.510491
139.966205,-65.876771
140.012302,-65.802154
140.162543,-65.834382
140.017385,-66.568821
139.883929,-66.310553
139.898139,-66.04309
139.899682,-66.045302
139.990596,-65.938614
139.933316,-65.949206
140.115382,-66.257223
139.895242,-65.861413
140.055607,-65.628303
140.104051,-65.621606
139.922017,-66.614135
139.67086,-66.310997
139.651424,-66.09066
139.467847,-66.011649
139.738275,-66.224286
139.652554,-65.937322
139.70041,-65.862478
139.978599,-65.723995
140.164719,-65.660466
139.815944,-65.591151
139.473957,-65.499592
139.338373,-65.394098
140.022572,-66.637692
139.927192,-65.965778
139.811344,-65.734443
139.512688,-65.607245
139.048961,-65.468797
138.430694,-65.367557
137.98725,-65.290248
137.81712,-65.252748
137.574336,-65.155592
139.17375,-66.387987
139.802863,-66.150368
139.824122,-65.955674
139.802552,-65.950493
139.935455,-65.830099
139.911594,-66.529545
139.330993,-66.429774
139.993624,-66.646802
139.886956,-66.208736
139.692194,-65.879529
139.880769,-65.697782
140.146581,-65.61835
140.361005,-65.583905
140.018095,-66.544372
139.929366,-66.094334
139.634799,-66.074292
139.67257,-66.544441
139.80955,-66.382359
139.121025,-66.444044
140.005338,-66.66203
139.628998,-66.455988
139.623309,-65.969994
139.744958,-66.082993
139.753883,-66.222356
139.67099,-66.551821
139.31991,-66.41619
139.432764,-66.426869
139.519391,-66.600478
139.909982,-66.525111
140.011996,-66.522694
139.962634,-66.564014
139.747072,-65.661724
139.847305,-65.61769
140.006339,-66.663777
140.001408,-66.268903
139.734786,-65.818865
139.913571,-65.780032
139.942178,-65.765628
140.086911,-65.868064
139.943297,-66.289184
139.833834,-66.526076
139.905332,-66.043818
139.958316,-65.880551
139.992684,-65.819448
140.163972,-65.834268
140.011786,-66.503475
139.912972,-66.055261
139.900796,-66.04484
139.982857,-65.940162
139.95073,-65.94251
140.096584,-66.248443
139.882638,-65.866756
140.098173,-65.619607
139.963892,-66.637224
139.648114,-66.347869
139.692164,-66.079442
139.720087,-66.195868
140.002176,-66.663133
139.980548,-66.608471
139.644072,-65.997524
139.700539,-65.862534
139.947068,-65.72819
140.095757,-65.685534
139.492508,-65.501496
139.249516,-65.392151
140.015683,-66.638837
139.854262,-66.347068
139.920225,-65.968374
139.834929,-65.729759
139.538597,-65.615345
139.090823,-65.474787
138.017667,-65.293911
137.83316,-65.256944
137.593241,-65.157059
139.145302,-66.415063
139.792248,-66.174198
139.837499,-65.958315
139.802919,-65.950192
139.788583,-65.945576
139.959271,-65.817574
139.934594,-65.829286
139.401629,-66.46496
140.006092,-66.66343
139.873455,-66.209353
139.692031,-65.879374
140.00518,-65.638722
140.147697,-65.618017
140.048322,-66.489002
139.798011,-66.067066
139.604632,-66.074315
139.831037,-66.603754
139.694266,-66.324921
139.14395,-66.471982
139.990989,-66.662247
139.599081,-66.437675
139.598941,-65.979268
139.723214,-66.137808
139.805075,-66.251867
139.368962,-66.390308
139.447821,-66.463007
139.528344,-66.600375
139.891172,-66.518361
139.986357,-66.542891
139.964489,-66.519787
139.541295,-65.956203
139.852138,-65.616946
139.959585,-66.63907
140.027141,-66.253915
139.917528,-65.777809
139.946398,-65.76779
140.070496,-65.869728
139.91993,-66.327549
139.719893,-66.483153
139.964767,-65.87252
140.031259,-65.800515
140.176651,-65.859061
140.014116,-66.624853
139.87515,-66.312679
139.900053,-66.045903
139.978616,-65.931785
139.91628,-65.954614
140.079547,-66.214339
139.90995,-65.860758
140.114654,-65.616815
139.873629,-66.587816
139.708026,-66.268792
139.695353,-66.073339
139.552548,-65.987403
139.756728,-66.252552
139.890422,-66.568977
139.670539,-65.887708
139.700505,-65.862447
139.977773,-65.724732
140.128194,-65.649679
139.791161,-65.590338
139.45103,-65.403193
140.00944,-66.616213
139.947989,-65.946125
139.796383,-65.737058
139.48384,-65.601233
139.004689,-65.462501
138.401901,-65.364339
137.801459,-65.248702
137.555168,-65.152628000000007
139.221625,-66.350192
139.817097,-66.123695
139.813423,-65.953628
139.80188,-65.950565
139.788541,-65.945576
139.935071,-65.829504
-58.402628,-62.196939
-58.404,-62.231496
-58.140336,-62.263385
-58.431118,-62.217788
-57.998328,-62.298333
-58.141481,-62.28091
-58.264398,-62.291989
-57.999854,-62.313015
-57.735561,-62.266006
-58.407428,-62.204433
-57.016548,-62.109453
-58.401434,-62.191997
-58.327799,-62.27578
-58.111755,-62.270349
-58.185654,-62.244544
-58.171752,-62.31704
-58.021764,-62.277265
-57.690132,-62.271141
-58.365487,-62.228369
-57.232771,-62.099307
-57.071445,-62.150025
-58.393913,-62.183264
-58.22966,-62.27549
-58.023197,-62.288152
-58.249269,-62.309906
-57.684125,-62.365743
-58.119655,-62.295517
-58.056725,-62.273918
-57.675768,-62.278152
-58.237476,-62.273973
-57.132668,-62.092139
-57.106071,-62.18245
-58.398334,-62.187565
-58.26481,-62.277717
-58.073998,-62.278878
-58.375825,-62.249034
-57.847713,-62.312532
-58.227126,-62.234391
-58.145056,-62.301415
-58.041186,-62.27661
-57.683552,-62.272329
-58.307612,-62.25408
-57.180828,-62.095608
-58.387819,-62.179803
-58.206826,-62.273439
-58.008451,-62.274422
-58.182011,-62.336728
-57.923981,-62.360101
-57.82524,-62.288766
-58.265867,-62.222581
-58.094658,-62.288783
-58.073081,-62.270772
-57.66804,-62.28349
-58.449902,-62.180875
-58.158741,-62.280317
-57.087058,-62.088175
-57.112038,-62.202167
-58.38686,-62.182092
-58.189577,-62.272207
-57.985744,-62.263252
-58.14019,-62.353854
-57.915484,-62.281015
-58.304141,-62.210803
-58.08216,-62.269972
-57.641889,-62.294431
-58.445209,-62.181491
-58.086886,-62.262175
-57.042899,-62.082967
-57.072829,-62.203252
-58.175532,-62.271364
-57.934336,-62.274917
-58.106448,-62.369203
-58.00017,-62.26395
-58.335611,-62.200858
-58.072624,-62.281551
-58.111807,-62.260897
-57.654492,-62.288279
-58.43888,-62.183749
-57.992124,-62.259265
-56.999196,-62.075716
-57.045221,-62.193639
-58.387051,-62.18691
-58.165026,-62.270032
-57.95221,-62.26423
-58.072953,-62.383755
-58.086212,-62.246696
-58.459015,-62.161634
-57.932352,-62.310235
-57.679213,-62.28761
-57.90376,-62.256211
-56.955024,-62.065549
-57.106297,-62.193566
-58.389259,-62.191009
-58.000736,-62.249353
-58.043029,-62.392344
-58.172212,-62.229608
-58.4443,-62.190744
-57.967137,-62.261363
-58.472636,-62.159809
-57.698936,-62.290952
-57.820949,-62.252501
-56.909505,-62.051483
-57.233323,-62.199898
-58.403519,-62.187977
-58.161401,-62.266663
-58.062605,-62.234923
-58.048332,-62.376281
-58.258212,-62.212503
-58.420807,-62.197945
-58.069425,-62.23827
-58.261849,-62.248455
-56.861793,-62.032396
-57.37391,-62.202136
-57.021193,-63.403094
-55.491015,-61.479176
62.817,-67.591
110.528,-66.253
164.235477,-74.625829
-64.138584,-65.17469
-62.6167,-64.7417
-67,-68.1833
-67.74,-67.7183
-62.252285,-64.63556
164.2283,-74.625303
164.218912,-74.634519
-55.524414,-62.89724
-57.849528,-63.777106
-58.474998,-62.161098
169.29373,-77.46236
-59.9214518,-62.5883795
-64.0373503078,-64.780556045
-64.1434558342,-65.1707844712
166.1641861288,-77.5522621165
166.1641861288,-77.5522830551
166.1660100456,-77.5485361569
-58.3671297019,-63.4555508348
-68.1124798374,-67.5669931459
-68.1132160125,-67.5683074999
-64.1381816667,-65.173063333299993
NA,NA
-60.2725383934,-63.7936455641
-56.7260446683,-63.5662447333
-59.9110800134,-62.5901893179
-63.2043446113,-64.8584654839
-56.8535694444,-63.3827722222
-68.1225927423,-67.571737775
-50.5197,-63.3492
-48.4887,-63.568
-61.6803834259,-64.107973103
-64.083333,-64.766667
-57.9295731,-62.1013678
-81.4597107,28.409718
-64.0792327585,-65.1283327609
141.9086116667,-66.7795383333
166.1563979904,-77.5480485753
166.167326175,-77.5534732414
-60.64453125,-65.3447873892
-64.08731316,-64.766568022
-64.0581310506,-64.7670094027
-45.5685305556,-60.6491972222
-45.29296875,-60.4860118619
-59.99580696,-63.3786170304
-67.734318455,-67.7245556299
-56.4887083333,-63.3006666667
-56.90587,-63.5170666667
168,-77.5
-58.6140548049,-62.1570369038
-114.2994328609,-71.0670698392
-148.9124566691,-75.3262690919
166.1421121641,-77.5608
-56.8878617,-63.5208533
-55.7865645,-63.5789576
-167.5154496997,-78.3806719411
-168.9753560057,-78.351033215
-156.524239085,-77.062066217
-156.5852004577,-77.04735
-156.5404272614,-77.0472761498
-156.3697799732,-76.9215858914
-156.3417474169,-76.8677002054
-138.0976555824,-73.8708784742
-137.7830387629,-73.8355327371
-55.3125,-61.937009691
-56.4864467585,-63.2951785471
-125.5695354072,-73.2503384696
-125.607828574,-73.3716269298
-105.6288863149,-70.2289362704
-105.1177109994,-70.2740139695
-104.9605330847,-70.3323035562
-64.248824623,-65.2497414232
-62.5315966667,-64.844755
-55.6383159345,-61.8892845189
140.001947321,-66.6630420874
140.9917821217,-66.78460147
-56.8818482359,-63.5213404144
-56.8818482359,-63.5214934894
-56.8816765745,-63.5216082951
-78.5391339276,-73.2699187196
-78.8172643344,-73.2614465276
-78.5413283333,-73.270395
-78.5403833333,-73.2702861111
-78.5416589065,-73.271335819
-78.5426006585,-73.2717995033
-78.539955,-73.2716916667
-78.5456166667,-73.2720666667
-54.6885859966,-63.432771935
-54.6799857511,-63.4363074745
-57.00075352,-63.3975287938
-56.9995467932,-63.3970870999
-56.9923141594,-63.3976961838
-57.0240194242,-63.4088877861
-57.0118314664,-63.4044494532
-57.0149213712,-63.4059864325
-57.0140630183,-63.4021037284
-57.0413035155,-63.4034580418
-57.0167209702,-63.4056515549
-58.4596015432,-62.1621048098
-56.9996936398,-63.3971489546
-56.8878426707,-63.5203778742
-56.8846030778,-63.5043574578
-56.6978354997,-63.4871976579
-56.765584579,-63.3230379487
-56.8974205165,-63.1845985373
-56.909165722,-63.5150384257
-56.8969100952,-63.5209364092
-62.6228899107,-64.6860085286
-45.5689966667,-60.649105
-55.55308,-63.3495716667
-56.282495,-63.42645
-67.0332981106,-68.2923844815
-67.0346672089,-68.2054257785
-75.4058166667,-69.7601
-67.7306583333,-67.72342
-75.4038466667,-69.7600866667
-90.7249366667,-68.836075
-90.7311544798,-68.8339502426
-90.7301643991,-68.8347578239
140.0032556,-66.6635995
-55.7828637952,-63.573719514
-56.8968873859,-63.5189761634
-56.8680588886,-63.5163371134
-55.7839947711,-63.57434222
-45.548554104,-60.644346198
-62.0778555061,-64.66607173
-45.426012579,-60.6495593261
-56.8508889324,-64.515311511
-56.7849912482,-63.5303500579
166.6863449,-77.8418779
-67.8297791193,-67.2531655494
-149.5323599871,61.3141481919
-63.7883405608,-64.8139063697
-57.3088951111,-63.195098877
-68.1137460067,-67.5681902867
-68.1140867867,-67.56917974
-68.1139580417,-67.5683200317
-68.1135932617,-67.5683364067
-68.1140157682,-67.5684321952
-68.114022415,-67.5682135883
-68.114533005,-67.568391685
-68.114811955,-67.5682443033
-68.1140618519,-67.5684547221
-68.118673155,-67.5671618117
-68.113780805,-67.5690040967
-68.113222905,-67.568660215
-68.1129224983,-67.5680215633
-68.11345894,-67.5682672
-68.115626165,-67.5666213817
-68.11622698,-67.5666950767
-68.1155188767,-67.5669243517
-68.1124289717,-67.5669243517
-68.1130083283,-67.5666131933
-68.1130297867,-67.5689304083
-68.1123645983,-67.566781055
-68.117922135,-67.567006235
-68.115990945,-67.5666090983
-68.1166990483,-67.5668629383
-68.1148322317,-67.56951488
-68.1156047067,-67.5697605017
-68.11667759,-67.570235365
110.5306127317,-66.2778241034
110.5337426599,-66.2781600944
110.5348916667,-66.2781516666
110.5354433333,-66.27793
-60.7902418021,-63.9027768123
-172.1909738027,-65.9011955299
-58.469048,-62.1599336
-55.787635,-63.575335
-57.293072,-63.7982230001
-60.5869562624,-62.9552976428
-57.0211925677,-63.4030938311
-55.4910146003,-61.4791762828
-58.9455887699,-62.2104498307
-64.0695366517,-65.1199525504
110.5285467,-66.2821342
-117.2231216667,32.7658116667
-57.5701666667,-63.7727166667
-55.7857333333,-63.5744166667
-54.6223833333,-63.3887166667
-54.5965833333,-63.3932833333
-56.9002833333,-63.5105333333
-62.9941166667,-64.3682116667
166.1668931157,-77.5541727426
166.1645011406,-77.5534930734
-56.9071028299,-63.520036844
-57.6223347493,-63.8021503457
-57.6216481037,-63.801896367
-55.7863077547,-63.5759970049
-56.8913404302,-63.5185168143
-57.8188138734,-62.0551824699
-62.6704683333,-64.669505
-68.1129246633,-67.566606805
-68.1136864117,-67.566398
-68.1131821567,-67.566398
-68.112731545,-67.567204555
-68.1190645817,-67.56730389
-68.11861397,-67.5676600733
-68.1138084417,-67.56871286
-68.11340728,-67.568314445
-61.1977274978,-65.2273145875
-58.2869649683,-62.3806095055
-58.4655974119,-62.160526622
-56.9106820879,-63.5215321556
-64.1,-64.766667
-64.0862512336,-64.7651302007
-58.4597434573,-62.1777517208
-57.3730564159,-63.4894433121
-55.7982439725,-63.5835526122
-68.1131319722,-67.567767
-103.3047159389,20.7400293436
-103.3062052354,20.7293686096
-68.1158355726,-67.5693344468
-65.3659902513,-66.3928705746
-56.8819566667,-63.5216816667
-56.88703,-63.5207783333
-56.7544166667,-63.3383066667
-64.0653616715,-64.7738392096
-68.1292988875,-67.5682206536
-59.2318650708,-62.3038164039
-58.6659051709,-62.2395433877
-56.6434889633,-64.2616478771
169.260163,-77.458521
169.247445,-77.455673
-63.9806342,-65.0676616
-66.4082443701,-66.3178483272
-64.1045398736,-65.1520937203
166.5789436636,-67.7381990449
-55.1402233,-61.1125817
-61.0622670246,-63.9028345636
-56.3355591148,-63.4289110975
-64.1367687327,-65.1735960681
-56.88557833,-63.520725
-56.88582,-64.19811167
-57.8495282756,-63.7771064606
-64.13873333,-65.17275333
-56.88238808,-63.5212598832
-58.4461927,-62.1784775
-60.7867398707,-62.4665732394
166.439,-77.217
-58.4663748,-62.1577285
-60.7823250469,-62.4668859287
138.713558,-66.148504
-58.1170672,-62.2115245
166.4202783333,-77.6351916667
-178.18630749,-70.5564191633
-178.2498483333,-70.3996116667
166.3877449479,-77.6357508836
166.1639105,-77.5544849
-55.78667,-63.57419667
-68.886907,-67.7713074
-64.0885054981,-64.7719100895
-68.83,-68.03
-79.4566451474,-70.7860580285
-57.2876245869,-63.7981749888
-62.6412220015,-64.6902131808
-55.786,-63.58
-45.527,-60.651
-55.7899360656,-63.57024765
-55.7816467283,-63.5725860594
-55.7856483458,-63.5745620725
-55.7863235472,-63.5743675231
-55.7876777647,-63.5741386411
165.0272217342,-77.3517621389
-56.1244468689,-63.6036262511
-56.8899650572,-63.5198631286
-56.8828010558,-63.5213584897
-56.8837175127,-63.5200538606
-56.8863639831,-63.5206604003
-56.8868179319,-63.5205574033
-56.8867950439,-63.5205421447
-56.88299942,-63.5213508606
-62.8594444444,-64.8941666667
-62.5935897825,-64.7320785522
-64.16106383,-65.23628333
-63.5032412334,-64.8761851888
-58.9447794864,-62.195715471
-58.9273338291,-62.1920865381
-67.73638,-67.72377833
-56.8939034166,-63.5210610251
-55.8155888889,-63.5702861111
-57.3070972222,-63.6893527778
-55.7711138889,-63.5735777778
-55.7738805556,-63.5725222222
-55.7751222222,-63.5725583333
-55.7779527778,-63.5729777778
-55.7823555556,-63.5734055556
-56.8859777778,-63.5172916667
-64.20850333,-64.60376667
-57.9295731336,-62.1013411934
-64.031329751,-64.7778967902
-64.1363063333,-65.1727216667
-55.77388,-63.57252167
-55.77101333,-63.57372833
-55.78058667,-63.57598
-55.77465,-63.57563833
-64.1327196585,-65.173478504
-66.9425282636,-66.6645621452
-66.7904741246,-66.8675242627
-64.0227153262,-65.110919799
-55.7907309987,-63.5755408514
-64.0538299,-64.7742513
-56.88669167,-63.52054667
-63.4939723819,-64.8252773434
-64.05421614,-64.7734648191
-63.9849879942,-65.0758928775
-58.466375,-62.1577277778
-64.0528312724,-64.7741891331
-56.4846277778,-63.2989944444
170.2173372508,-71.3024890869
170.2291329756,-72.3186302398
164.1227567329,-74.7071828877
-62.4428839067,-66.2265836585
-64.1225233333,-65.2000716667
-56.7948283333,-64.1924366667
-56.9745733333,-64.5029616667
-59.9077233333,-62.5926833333
-59.9078366667,-62.5926316667
-59.9077683333,-62.5927266667
-59.9077933333,-62.59276
162.4333754018,-77.7180856908
-64.2739178542,-65.2445744216
-81.3784680566,28.5915662904
-58.4752829612,-62.1604615002
-64.0881271285,-64.7696118199
-62.34375,-66.4135150135
-58.391771,-62.082182
-58.4717666667,-62.133775
-58.3301716667,-62.2856116667
-57.0203138333,-63.39263
-57.0046722167,-63.3878883333
-62.9314763407,-64.8533969638
-56.9992233316,-63.3835485704
-66.8811061712,-66.8225516603
-56.88705,-63.5208583333
-66.5299946796,-67.8584324971
-56.841151159,-64.1881300502
-57.0774669978,-63.8670812573
-57.2842621872,-63.7906419031
-56.8283537514,-63.685113201
-56.8592286179,-63.5184266258
-55.84973,-63.5762983333
-54.6135333333,-63.3936516667
-56.8868016667,-63.5206433333
-67.6593947133,-67.7019655975
-64.1435135,-65.1706258
-56.8852729797,-63.520866394
166.4522189288,-77.6700418713
-60.7896371926,-63.9034068652
-57.2947466667,-63.7971716667
-57.2942616667,-63.7971466667
170.4388698702,-70.9464407366
-56.9573868773,-64.2824053891
169.2338489441,-77.4550595184
170.1382827759,-71.3360077447
142.5293379984,-67.0525389999
-56.8851783333,-63.5207883333
170.3433227539,-71.1608123779
166.7577384377,-77.8661526859
-58.8913933848,-62.1835820077
170.1439229,-71.3362113
-56.7663574219,-63.391521744
-58.0242919922,-61.9784178299
-56.904,-63.517
-64.038548981899993,-64.7743038513
166.429138,-77.812311
140.003256,-66.663599
-58.725014,-62.239152
-58.713341,-62.235953
-58.758316,-62.223156
-58.85376,-63.553446
164.474949,-74.818612
-67.133333,-68.3
-67.466667,-67.683333
166.7449951172,-77.169366886
170.1897239685,-71.305580337
-63.701359,-65.385292
-67.555502,-67.894547
-62.6273,-64.6839
-45.580558,-60.649712
-64.1326904297,-65.2693489707
-64.1666667,-65.1666667
170.2006820313,-72.3433378078
-57.2833,-63.811517651
-64.1611735359,-65.166378321
-45.4856686,-60.6116409
-56.9036137354,-63.517412406
-64.0872815117,-64.7649103178
170.2003410156,-71.3712350065
165.3397557031,-74.6485458116
-63.4942389,-64.8250674
165.1162859727,-74.3243830686
