college,fishingSkill,canSwim,coldTolerance,loveAnimals,remote,parkaColor,flagAnimal,milesToAntarctica,cookingSkill
University of Arizona,1,Yes,1,TRUE,3,Blue,Leopard Seal,"8,791",2
University of Arizona,1,Yes,3,TRUE,4,Blue,Leopard Seal,"8,790",4
University of Arizona,3,Yes,4,TRUE,1,Orange,Sea Spider,9184,4
University of Arizona,1,I can dog paddle,4,TRUE,3,White,Orca,8625,2
University of Arizona,1,Yes,3,TRUE,4,Blue,Orca,"8,346.83",4
University of Arizona,1,Yes,2,TRUE,2,Blue,Emperor Penguin,"9,637",3
University of Arizona,2,Yes,5,TRUE,5,White,Emperor Penguin,"8,277",5
University of Arizona,1,Yes,3,TRUE,3,Black,Emperor Penguin,"8,347",2
University of Arizona,1,Yes,2,TRUE,4,Blue,Emperor Penguin,8290,2
University of Arizona,1,Yes,2,TRUE,3,Blue,Orca,"3,985.31",3
University of Arizona,4,Yes,2,TRUE,2,Blue,Leopard Seal,8290,2
University of Arizona,1,Yes,5,TRUE,4,Black,Orca,9514,1
University of Arizona,2,Yes,4,TRUE,4,White,Leopard Seal,8356,4
University of Arizona,1,Yes,3,TRUE,2,Blue,Sea Spider,8290,4
University of Arizona,1,Yes,4,TRUE,4,Blue,Emperor Penguin,14148,2
University of Arizona,1,Yes,5,TRUE,5,Black,Orca,7800,5
University of Arizona,1,Yes,3,FALSE,1,Black,Emperor Penguin,8290,4
University of Arizona,1,Yes,4,TRUE,3,Orange,Leopard Seal,8290,5
University of Arizona,4,Yes,4,TRUE,3,Blue,Leopard Seal,8323,3
University of Arizona,1,Yes,2,TRUE,5,White,Sea Spider,7000,4
University of Arizona,1,Yes,1,TRUE,2,White,Sea Spider,"8,625",4
University of Arizona,4,Yes,3,TRUE,1,Black,Leopard Seal,8280,3
University of Arizona,1,Yes,3,TRUE,2,Black,Sea Spider,1200,2
University of Arizona,1,Yes,3,TRUE,3,Blue,Orca,13448 km,3
University of Arizona,3,Yes,4,TRUE,4,Blue,Sea Spider,13448,4
University of Arizona,3,Yes,4,TRUE,5,Blue,Leopard Seal,8277,3
University of Arizona,3,Yes,2,TRUE,3,Red,Leopard Seal,850,4
Lewis & Clark College,1,Yes,4,TRUE,3,Red,Leopard Seal,"9,379",4
Lewis & Clark College,1,Yes,4,TRUE,2,Black,Orca,9255,4
Lewis & Clark College,2,Yes,4,TRUE,4,Blue,Emperor Penguin,8859,4
Lewis & Clark College,3,I can dog paddle,2,TRUE,3,White,Emperor Penguin,8479,4
Lewis & Clark College,2,Yes,1,TRUE,3,Black,Leopard Seal,"8,874",4
Lewis & Clark College,5,Yes,1,TRUE,4,Orange,Sea Spider,8416,4
Lewis & Clark College,3,Yes,3,TRUE,2,Black,Leopard Seal,4.4,1
Lewis & Clark College,3,Yes,1,TRUE,4,Orange,Emperor Penguin,7405,2
Lewis & Clark College,5,Yes,3,TRUE,4,Orange,Sea Spider,8684,2
Lewis & Clark College,1,Yes,3,TRUE,3,Black,Orca,6541,3
Lewis & Clark College,1,I can dog paddle,4,TRUE,5,Orange,Sea Spider,"3,520",2
Lewis & Clark College,1,Yes,2,TRUE,2,Black,Emperor Penguin,9840,4
Lewis & Clark College,1,Yes,3,TRUE,4,Black,Emperor Penguin,"8,380.87 mi",3
Lewis & Clark College,5,Yes,4,TRUE,4,Black,Emperor Penguin,"9,333 miles",5
Lewis & Clark College,4,Yes,4,TRUE,5,White,Leopard Seal,983 mi,2
Lewis & Clark College,2,Yes,4,TRUE,4,Orange,Orca,"7,163",1
Lewis & Clark College,3,Yes,4,TRUE,5,Red,Orca,"8,915",3
Lewis & Clark College,2,Yes,4,TRUE,3,Blue,Emperor Penguin,8351.1,1
Lewis & Clark College,2,Yes,3,TRUE,2,Blue,Leopard Seal,"7,163",5
Lewis & Clark College,3,Yes,3,TRUE,3,Orange,Orca,"9,168.19",3
Lewis & Clark College,4,Yes,5,TRUE,4,Orange,Emperor Penguin,"10,000",5